{"training_loss": [2.471320638179779, 1.169991312623024, 0.710728759765625, 0.4931688232421875, 0.3624825465679169, 0.27420658364892003, 0.2132840741276741, 0.16837249755859374, 0.13429973602294923, 0.10983625348657369], "val_loss": [1.5857835449278355, 0.9644175311550498, 0.7316837003454566, 0.6154487347230315, 0.5532080095726997, 0.5119310838636011, 0.48096015851479024, 0.46205266774632037, 0.4492121160728857, 0.43629527813754976], "val_accuracy": [0.7063492063492064, 0.7777777777777778, 0.8253968253968254, 0.8492063492063492, 0.8571428571428571, 0.8650793650793651, 0.8650793650793651, 0.873015873015873, 0.873015873015873, 0.873015873015873]}