{"training_loss": [1.344825686454773, 0.20494557571411132, 0.04861721420288086, 0.01674299458414316, 0.0062759722992777826, 0.003287488529458642, 0.002282679012976587, 0.0018032737802714108, 0.0014779201578348875, 0.0012410605298355222], "val_loss": [0.6817493662238121, 0.45913578383624554, 0.385401142120827, 0.5506278483662754, 0.4726429243455641, 0.4759430826816242, 0.46898566075833514, 0.4644568696094211, 0.4658868946135044, 0.4658075755723985], "val_accuracy": [0.8015873015873016, 0.8412698412698413, 0.8809523809523809, 0.8412698412698413, 0.8968253968253969, 0.8809523809523809, 0.8809523809523809, 0.8809523809523809, 0.8809523809523809, 0.873015873015873]}