{"training_loss": [3.4231630859375, 3.269568034172058, 3.195590495109558, 3.1716796875, 3.0915489912033083, 3.0720341796875, 3.00761083984375, 2.96004296875, 2.9968158369064333, 2.9155730390548706], "val_loss": [3.1948977410793304, 3.178320951759815, 3.162998713552952, 3.2129344269633293, 3.0771582648158073, 3.081526480615139, 3.0372100174427032, 2.962254211306572, 2.944996662437916, 2.9180772602558136], "val_accuracy": [0.031746031746031744, 0.06349206349206349, 0.07936507936507936, 0.047619047619047616, 0.10317460317460317, 0.07936507936507936, 0.1111111111111111, 0.12698412698412698, 0.1349206349206349, 0.14285714285714285]}