{"training_loss": [2.077621163368225, 0.7423288815021515, 0.4053096836805344, 0.25074061477184295, 0.16157812279462813, 0.11016762870550155, 0.07929331749677658, 0.06028453254699707, 0.047715094983577726, 0.03930218559503555], "val_loss": [1.1137896738946438, 0.6754200235009193, 0.5641938578337431, 0.4846538621932268, 0.46372020011767745, 0.42394860670901835, 0.41254102578386664, 0.4064225382171571, 0.39472145261242986, 0.39479191158898175], "val_accuracy": [0.7380952380952381, 0.8650793650793651, 0.8888888888888888, 0.9047619047619048, 0.8888888888888888, 0.9126984126984127, 0.9047619047619048, 0.8968253968253969, 0.8968253968253969, 0.8888888888888888]}