{"training_loss": [1.4327929739952088, 0.2622143788933754, 0.08569539499282837, 0.03714012363553047, 0.021829434603452682, 0.01578672882169485, 0.012430330276489258, 0.010117543663829566, 0.008529368981719018, 0.007341032166033983], "val_loss": [0.5656201806850731, 0.4393685031682253, 0.40860294457525015, 0.38904305070172995, 0.38210242916829884, 0.3806173467892222, 0.3840481693041511, 0.38351744232932106, 0.3854082257603295, 0.3851583529612981], "val_accuracy": [0.8412698412698413, 0.873015873015873, 0.873015873015873, 0.8809523809523809, 0.8809523809523809, 0.873015873015873, 0.873015873015873, 0.873015873015873, 0.8809523809523809, 0.8888888888888888]}