{"training_loss": [2.1148149523735045, 2.484474401473999, 1.3248160905838013, 0.8508304722309112, 0.6632151801586151, 0.38576004934310915, 0.2918456505537033, 0.15829495704174043, 0.14010631864517928, 0.7821119158267975], "val_loss": [1.4661014005541801, 1.5124490186572075, 1.1579930800944567, 1.6442804336547852, 1.003875195980072, 1.4256355967372656, 1.1366118099540472, 1.2342453906312585, 1.0516003328375518, 1.3872082382440567], "val_accuracy": [0.5555555555555556, 0.5555555555555556, 0.626984126984127, 0.5793650793650794, 0.7142857142857143, 0.6587301587301587, 0.6746031746031746, 0.7142857142857143, 0.7142857142857143, 0.6666666666666666]}