{"training_loss": [0.03219399639964104, 0.012117564711719752, 0.006411403469741344, 0.00520034951902926, 0.004472462311387062, 0.003952288627624511, 0.003526965890079737, 0.0032005056142807007, 0.0029331725146621466, 0.002708159395493567], "val_loss": [0.5308301914483309, 0.5055288544390351, 0.5021326334681362, 0.5053961302037351, 0.5061397113022394, 0.5064181149937212, 0.507020999561064, 0.5071544267120771, 0.5082198810414411, 0.5078271095408127], "val_accuracy": [0.8412698412698413, 0.8492063492063492, 0.8571428571428571, 0.8571428571428571, 0.8571428571428571, 0.8650793650793651, 0.8650793650793651, 0.8650793650793651, 0.8650793650793651, 0.8571428571428571]}