{"training_loss": [0.0064041434712707995, 0.005698727436363697, 0.005122145991772413, 0.004644654616713524, 0.004244590487331152, 0.0039057294465601445, 0.003616495933383703, 0.0033601599587127565, 0.0031400182582437992, 0.0029442505668848752], "val_loss": [0.5418574344366789, 0.5435659696813673, 0.5435171429999173, 0.543548705521971, 0.5442459741607308, 0.54474610183388, 0.5449770065024495, 0.5461480172816664, 0.5457889820681885, 0.5467692575184628], "val_accuracy": [0.8492063492063492, 0.8492063492063492, 0.8571428571428571, 0.8571428571428571, 0.8571428571428571, 0.8571428571428571, 0.8571428571428571, 0.8571428571428571, 0.8571428571428571, 0.8571428571428571]}