{"training_loss": [1.3964743587970734, 0.2605562629699707, 0.0850017676949501, 0.03505249799787998, 0.022381822511553764, 0.016293440751731395, 0.012708573274314404, 0.010389061450958251, 0.008813963651657104, 0.0075745187141001225], "val_loss": [0.5798697550781071, 0.42130676470696926, 0.37638469133526087, 0.373248920077458, 0.376249399734661, 0.373959407734219, 0.3734548260108568, 0.3710322650731541, 0.3756246699485928, 0.37635550287086517], "val_accuracy": [0.8650793650793651, 0.8968253968253969, 0.9047619047619048, 0.8809523809523809, 0.8809523809523809, 0.8809523809523809, 0.8809523809523809, 0.8809523809523809, 0.8809523809523809, 0.8809523809523809]}