{"training_loss": [2.293926513671875, 0.7877447204589844, 0.3014865773618221, 0.1255280532836914, 0.06330326461791992, 0.03900569534301758, 0.02670151138305664, 0.019441369373351336, 0.01487563705444336, 0.011604002635926008], "val_loss": [1.3658678270876408, 0.8359489096328616, 0.6503985344897956, 0.5751813054084778, 0.5400734316790476, 0.5133151158224791, 0.5048004935961217, 0.4866340195876546, 0.4819124760106206, 0.479736389068421], "val_accuracy": [0.7301587301587301, 0.8253968253968254, 0.8571428571428571, 0.8412698412698413, 0.8571428571428571, 0.8333333333333334, 0.8333333333333334, 0.8412698412698413, 0.8333333333333334, 0.8412698412698413]}