{"training_loss": [1.1141925251483917, 0.13831934690475464, 0.022201221625320615, 0.01009076650813222, 0.007083080131560564, 0.005537392774596811, 0.004554924368858337, 0.0038677432937547565, 0.003362145185470581, 0.002964656432159245], "val_loss": [0.4835111327120103, 0.32075142054236494, 0.31502595834899694, 0.2938295253261458, 0.29156638705171645, 0.29051491738209734, 0.28921725294640055, 0.2897961663911701, 0.2892144263314549, 0.2882972420193255], "val_accuracy": [0.8571428571428571, 0.9206349206349206, 0.9126984126984127, 0.9206349206349206, 0.9206349206349206, 0.9206349206349206, 0.9206349206349206, 0.9206349206349206, 0.9206349206349206, 0.9206349206349206]}