{"training_loss": [2.773072265625, 1.8043473072052, 1.2319120397567749, 0.9156122608184815, 0.7226293988227844, 0.5917922887802124, 0.4962177386283875, 0.42114124846458434, 0.36192688632011416, 0.3131321073770523], "val_loss": [2.1674763038754463, 1.4681783057749271, 1.0971933975815773, 0.8940532151609659, 0.7686863858252764, 0.6870082821696997, 0.6283051138743758, 0.5865546511486173, 0.5528671946376562, 0.5290399827063084], "val_accuracy": [0.5952380952380952, 0.7698412698412699, 0.8333333333333334, 0.8492063492063492, 0.8650793650793651, 0.8888888888888888, 0.9047619047619048, 0.9047619047619048, 0.9126984126984127, 0.9047619047619048]}