{"training_loss": [2.4736189317703245, 1.1669874010086059, 0.7057383074760437, 0.48988372135162356, 0.35938816833496096, 0.27224956834316255, 0.20987573456764222, 0.164429999768734, 0.13131582260131835, 0.10627682766318321], "val_loss": [1.6026450544595718, 0.9659506008028984, 0.7295116074383259, 0.6138145104050636, 0.5473792403936386, 0.5093780956231058, 0.47590550081804395, 0.4536417918279767, 0.4411060658749193, 0.4334580427967012], "val_accuracy": [0.6904761904761905, 0.8333333333333334, 0.873015873015873, 0.8968253968253969, 0.8968253968253969, 0.9047619047619048, 0.8968253968253969, 0.8968253968253969, 0.9126984126984127, 0.9047619047619048]}