{"training_loss": [1.4004477515220641, 0.23086745715141296, 0.04880712263286114, 0.010359941892325877, 0.0042236491609364745, 0.0030288573671132324, 0.002348597117699683, 0.0018890083180740475, 0.0015559753691777587, 0.0013055666852742434, 0.0011115729128941894, 0.0009573066234588623, 0.0008333227634429931, 0.0007303667240776122, 0.0006450660228729248, 0.0005727312392555177, 0.0005117382830940187, 0.00045902620046399536, 0.00041344596655108035, 0.00037375743058510127], "val_loss": [0.7024917555972934, 0.4865169399417937, 0.34095440176315606, 0.26379220810486004, 0.26700894461828284, 0.2634643256897107, 0.26250672130845487, 0.2642857513274066, 0.2638054676790489, 0.26467928652709816, 0.26407201690017246, 0.26524176057137083, 0.2661900631210301, 0.26700428486947203, 0.2691300022852374, 0.26974032862926833, 0.2712905924709048, 0.272573421279958, 0.27328624831716297, 0.2748754162021214], "val_accuracy": [0.8095238095238095, 0.8412698412698413, 0.8888888888888888, 0.9206349206349206, 0.9206349206349206, 0.9285714285714286, 0.9285714285714286, 0.9285714285714286, 0.9285714285714286, 0.9365079365079365, 0.9365079365079365, 0.9444444444444444, 0.9444444444444444, 0.9444444444444444, 0.9444444444444444, 0.9444444444444444, 0.9444444444444444, 0.9444444444444444, 0.9444444444444444, 0.9444444444444444]}