{"training_loss": [1.5006310443878175, 0.2852049791812897, 0.08579636219143867, 0.0365448408126831, 0.022885239526629447, 0.01659058230370283, 0.012936840195208788, 0.010567344427108764, 0.008893546376377345, 0.007659345831722021, 0.0066980349849909545, 0.005956006970256567, 0.00534576628729701, 0.004843446662649512, 0.004426031742244959, 0.004075310297310352, 0.0037629550881683824, 0.0034962711334228518, 0.0032666160371154548, 0.003058734944090247], "val_loss": [0.6103631667792797, 0.4812934473156929, 0.39878063136711717, 0.3795354044996202, 0.3791588714811951, 0.3751070015132427, 0.37373569631017745, 0.3727064123377204, 0.3723429322708398, 0.3712933484930545, 0.3707938917214051, 0.3709323222283274, 0.37181522708851844, 0.3716736043570563, 0.37160491046961397, 0.3718560927081853, 0.37341640517115593, 0.3733543654670939, 0.3737188789527863, 0.37420586170628667], "val_accuracy": [0.8492063492063492, 0.8492063492063492, 0.8809523809523809, 0.8650793650793651, 0.873015873015873, 0.873015873015873, 0.873015873015873, 0.873015873015873, 0.873015873015873, 0.8809523809523809, 0.8809523809523809, 0.8809523809523809, 0.8809523809523809, 0.8809523809523809, 0.8809523809523809, 0.8809523809523809, 0.8809523809523809, 0.8809523809523809, 0.8809523809523809, 0.8809523809523809]}