{"training_loss": [1.1228944551944733, 0.17976462244987487, 0.04442075993493199, 0.007622460059821605, 0.003089798042550683, 0.0024364784443750977, 0.002040325011126697, 0.0017603120636194944, 0.001548734818585217, 0.0013856525076553225], "val_loss": [0.5185888845007867, 0.49742686143144965, 0.4270810115849599, 0.37081472115824, 0.36209808793500997, 0.36202426413365174, 0.3620396145997802, 0.364553476931178, 0.3650910506839864, 0.3658359738328727], "val_accuracy": [0.8174603174603174, 0.8333333333333334, 0.8492063492063492, 0.873015873015873, 0.873015873015873, 0.873015873015873, 0.8650793650793651, 0.8650793650793651, 0.8650793650793651, 0.8650793650793651]}