{"training_loss": [1.3300838139653206, 0.350927768073976, 0.09022414082288742, 0.048624626955017444, 0.004227402369491756, 0.0022582530183717607, 0.0016709672613069416, 0.001309739351272583, 0.0010566045441664756, 0.0008673208553809672], "val_loss": [0.7208397346548736, 0.7208277396857738, 0.8507534224772826, 0.4356912610383006, 0.4166504041204462, 0.4156604022209649, 0.4159426090445777, 0.4170915054892248, 0.4194642344300519, 0.42270666663898737], "val_accuracy": [0.746031746031746, 0.7857142857142857, 0.7857142857142857, 0.8650793650793651, 0.8650793650793651, 0.873015873015873, 0.8650793650793651, 0.873015873015873, 0.873015873015873, 0.873015873015873]}