{"training_loss": [1.3731446325778962, 0.23079419493675232, 0.07634092386066914, 0.0366959138661623, 0.022911134719848632, 0.016651437014341356, 0.012996623240411282, 0.010559193544089794, 0.008900212086737157, 0.007664083857089281], "val_loss": [0.7374235708266497, 0.5966762797906995, 0.5492457463406026, 0.5320121399126947, 0.5218656095676124, 0.5191237232647836, 0.5159494304098189, 0.5150325810536742, 0.5134075945243239, 0.512951591052115], "val_accuracy": [0.7936507936507936, 0.8174603174603174, 0.8253968253968254, 0.8492063492063492, 0.8492063492063492, 0.8492063492063492, 0.8492063492063492, 0.8492063492063492, 0.8492063492063492, 0.8492063492063492]}